{"cameraMode":{"drawMode":0,"name":"Shaded","section":"Shading Mode"},"sceneLighting":false,"audioPlay":false,"sceneViewState":{"m_AlwaysRefresh":false,"showFog":true,"showSkybox":false,"showFlares":true,"showImageEffects":true,"showParticleSystems":true,"showVisualEffectGraphs":true,"m_FxEnabled":true},"in2DMode":false,"pivot":{"x":5.140244483947754,"y":5.536540985107422,"z":-0.6912899017333984},"rotation":{"x":0.14873142540454865,"y":0.038556020706892017,"z":-0.005804615560919046,"w":0.9881144762039185},"size":9.846989631652832,"orthographic":false}